1,rs3001723
1,rs673253
1,rs17371903
1,rs112984125
1,rs11420276
1,rs1222063
1,rs1146557
1,rs2391769
2,rs9677504
2,rs13023832
3,rs55983260
3,rs4858241
3,rs56135409
3,rs1551042
3,rs62250537
4,rs28411770
5,rs4916723
5,rs226488
5,rs324886
5,rs1592757
5,rs12658032
5,rs30266
7,rs62444906
7,rs5886709
7,rs9969232
7,rs28452470
7,rs1443749
8,rs74760947
8,rs10956838
10,rs9665567
10,rs11591402
10,rs10400180
11,rs4275621
11,rs1848160
12,rs704067
12,rs1427829
13,rs7997529
13,rs2243517
13,rs9574218
13,rs2243638
15,rs281324
16,rs212178
19,rs10419998
