1,rs11206510
1,rs9970807
1,rs7528419
1,rs6689306
1,rs67180937
2,rs16986953
2,rs515135
2,rs7568458
2,rs17678683
2,rs115654617
3,rs1199338
4,rs17087335
4,rs4593108
4,rs72689147
6,rs9349379
6,rs56336142
6,rs12202017
6,rs55730499
7,rs2107595
7,rs11556924
7,rs3918226
9,rs2891168
9,rs2519093
10,rs2487928
10,rs1870634
10,rs1412444
10,rs11191416
11,rs10840293
11,rs2128739
12,rs2681472
12,rs11065979
13,rs11838776
14,rs10139550
15,rs56062135
15,rs4468572
15,rs8042271
17,rs7212798
18,rs663129
19,rs56289821
19,rs4420638
21,rs28451064
22,rs180803
