1,rs3170740
1,rs12031794
1,rs17038164
1,rs11205303
1,rs68008964
1,rs12118528
1,rs12048049
1,rs6656145
2,rs10203482
2,rs62146670
2,rs3791675
2,rs140904094
2,rs4672847
2,rs78111748
2,rs62186363
3,rs2581825
3,rs6763927
4,rs2011603
4,rs62317884
4,rs9995997
4,rs28823933
4,rs59684133
4,rs201034693
4,rs17002711
4,rs10857070
4,rs1712373
4,rs10516491
4,rs112720280
4,rs144293266
5,rs1173771
5,rs256602
5,rs10552784
5,rs72644089
5,rs299366
6,rs9379833
6,rs202228093
6,rs9322822
6,rs7774095
6,rs2077647
7,rs798493
7,rs67204384
7,rs10280712
7,rs6951759
7,rs13223890
8,rs76066577
8,rs4735762
9,rs373967703
9,rs7869550
9,rs4836800
9,rs2416898
10,rs11599886
10,rs111395535
10,rs1463597
11,rs187968503
11,rs668347
12,rs867633
12,rs4761523
12,rs59314616
13,rs78729033
13,rs74788384
14,rs7160756
15,rs730154
15,rs10520573
15,rs28559926
15,rs2871865
16,rs11403
17,rs7223535
17,rs35269070
17,rs4793944
17,rs572906486
17,rs11657553
17,rs1005207
17,rs917445
17,rs2079795
17,rs2727316
18,rs4369779
18,rs1787200
18,rs6567160
19,rs62112761
20,rs1884902
20,rs543888332
20,rs143384
23,rs73437577
